-- MySQL dump 10.13  Distrib 5.6.51, for Win64 (x86_64)
--
-- Host: localhost    Database: tickets_booking
-- ------------------------------------------------------
-- Server version	5.6.51-log

/*!40101 SET @OLD_CHARACTER_SET_CLIENT=@@CHARACTER_SET_CLIENT */;
/*!40101 SET @OLD_CHARACTER_SET_RESULTS=@@CHARACTER_SET_RESULTS */;
/*!40101 SET @OLD_COLLATION_CONNECTION=@@COLLATION_CONNECTION */;
/*!40101 SET NAMES utf8 */;
/*!40103 SET @OLD_TIME_ZONE=@@TIME_ZONE */;
/*!40103 SET TIME_ZONE='+00:00' */;
/*!40014 SET @OLD_UNIQUE_CHECKS=@@UNIQUE_CHECKS, UNIQUE_CHECKS=0 */;
/*!40014 SET @OLD_FOREIGN_KEY_CHECKS=@@FOREIGN_KEY_CHECKS, FOREIGN_KEY_CHECKS=0 */;
/*!40101 SET @OLD_SQL_MODE=@@SQL_MODE, SQL_MODE='NO_AUTO_VALUE_ON_ZERO' */;
/*!40111 SET @OLD_SQL_NOTES=@@SQL_NOTES, SQL_NOTES=0 */;

--
-- Table structure for table `booking_transaction`
--

DROP TABLE IF EXISTS `booking_transaction`;
/*!40101 SET @saved_cs_client     = @@character_set_client */;
/*!40101 SET character_set_client = utf8 */;
CREATE TABLE `booking_transaction` (
  `BOOK_TRNX` bigint(20) NOT NULL AUTO_INCREMENT,
  `CUSTOMER_ID` bigint(20) NOT NULL,
  `SHOW_ID` bigint(20) NOT NULL,
  `NO_OF_SEAT` int(11) NOT NULL,
  `TOTAL_AMOUNT` double NOT NULL,
  `BOOKED_STATUS` tinyint(4) NOT NULL,
  `PAYMENT_STATUS` tinyint(4) NOT NULL,
  `CREATE_TIME` bigint(20) NOT NULL,
  `UPDATE_TIME` bigint(20) NOT NULL,
  PRIMARY KEY (`BOOK_TRNX`),
  KEY `booking_transaction_FK1` (`SHOW_ID`),
  KEY `booking_transaction_FK2` (`CUSTOMER_ID`),
  CONSTRAINT `booking_transaction_FK1` FOREIGN KEY (`SHOW_ID`) REFERENCES `show_information` (`SHOW_ID`),
  CONSTRAINT `booking_transaction_FK2` FOREIGN KEY (`CUSTOMER_ID`) REFERENCES `customer_contacts` (`CUSTOMER_ID`)
) ENGINE=InnoDB AUTO_INCREMENT=45 DEFAULT CHARSET=latin1;
/*!40101 SET character_set_client = @saved_cs_client */;

--
-- Dumping data for table `booking_transaction`
--

LOCK TABLES `booking_transaction` WRITE;
/*!40000 ALTER TABLE `booking_transaction` DISABLE KEYS */;
INSERT INTO `booking_transaction` VALUES (41,16,1,5,0,1,1,1627326783718,1627326783718),(42,17,4,5,0,1,1,1627326824827,1627326824827),(43,18,4,6,0,1,1,1627326857178,1627326857178),(44,17,1,6,0,1,1,1627326892197,1627326892197);
/*!40000 ALTER TABLE `booking_transaction` ENABLE KEYS */;
UNLOCK TABLES;

--
-- Table structure for table `customer_contacts`
--

DROP TABLE IF EXISTS `customer_contacts`;
/*!40101 SET @saved_cs_client     = @@character_set_client */;
/*!40101 SET character_set_client = utf8 */;
CREATE TABLE `customer_contacts` (
  `CUSTOMER_ID` bigint(20) NOT NULL AUTO_INCREMENT,
  `FNAME` varchar(200) NOT NULL,
  `LNAME` varchar(200) DEFAULT NULL,
  `EMAIL` varchar(200) NOT NULL,
  `PHONE` varchar(200) NOT NULL,
  `ADDRESS_LINE_1` varchar(200) DEFAULT NULL,
  `ADDRESS_LINE_2` varchar(200) DEFAULT NULL,
  `CITY` varchar(100) NOT NULL,
  `STATE` varchar(200) NOT NULL,
  `ZIPCODE` int(11) NOT NULL,
  `CREATED_TIME` bigint(20) NOT NULL,
  `UPDATED_TIME` bigint(20) NOT NULL,
  PRIMARY KEY (`CUSTOMER_ID`)
) ENGINE=InnoDB AUTO_INCREMENT=19 DEFAULT CHARSET=latin1;
/*!40101 SET character_set_client = @saved_cs_client */;

--
-- Dumping data for table `customer_contacts`
--

LOCK TABLES `customer_contacts` WRITE;
/*!40000 ALTER TABLE `customer_contacts` DISABLE KEYS */;
INSERT INTO `customer_contacts` VALUES (16,'dhana','dhana','dhana@test.com','23456789','2035, Sunset Lake Rd, Suite B-2 Newark, DE 19702, USA.','','Newark','Denmark',19702,1627326783718,1627326783718),(17,'test','test','test@test.com','+9181485253244','checnnai','','Chennai','Tamil Nadu',600091,1627326824827,1627326824827),(18,'test_test','test_test','123@123.com','234567890','2035, Sunset Lake Rd, Suite B-2 Newark, DE 19702, USA.','','Newark','Denmark',19702,1627326857178,1627326857178);
/*!40000 ALTER TABLE `customer_contacts` ENABLE KEYS */;
UNLOCK TABLES;

--
-- Table structure for table `hall_screen_information`
--

DROP TABLE IF EXISTS `hall_screen_information`;
/*!40101 SET @saved_cs_client     = @@character_set_client */;
/*!40101 SET character_set_client = utf8 */;
CREATE TABLE `hall_screen_information` (
  `hall_id` int(11) NOT NULL AUTO_INCREMENT,
  `NAME` varchar(200) NOT NULL,
  `SEAT` int(11) NOT NULL,
  `DESCRIPTION` varchar(250) NOT NULL,
  `ADDRESS` varchar(250) NOT NULL,
  `PHONE` varchar(50) NOT NULL,
  `STATUS` tinyint(4) NOT NULL,
  `CREATED_TIME` bigint(20) NOT NULL,
  `UPDATE_TIME` bigint(20) NOT NULL,
  PRIMARY KEY (`hall_id`)
) ENGINE=InnoDB AUTO_INCREMENT=4 DEFAULT CHARSET=latin1;
/*!40101 SET character_set_client = @saved_cs_client */;

--
-- Dumping data for table `hall_screen_information`
--

LOCK TABLES `hall_screen_information` WRITE;
/*!40000 ALTER TABLE `hall_screen_information` DISABLE KEYS */;
INSERT INTO `hall_screen_information` VALUES (1,'Palace Hall',100,'Palace Hall AC','ABC road, ABC Street, Chennai','+91 999999999',1,1234567890,1234567890),(2,'Moon Star Hall',100,'Moon Star AC','xyz road, ABC Street, Chennai','+91 999900999',1,1234567890,1234567890),(3,'Sun Set Mall',100,'Sun Set AC','xyz road, ABC Street, Chennai','+91 9999009123',1,1234567890,1234567890);
/*!40000 ALTER TABLE `hall_screen_information` ENABLE KEYS */;
UNLOCK TABLES;

--
-- Table structure for table `movie_information`
--

DROP TABLE IF EXISTS `movie_information`;
/*!40101 SET @saved_cs_client     = @@character_set_client */;
/*!40101 SET character_set_client = utf8 */;
CREATE TABLE `movie_information` (
  `MOVIE_ID` int(11) NOT NULL AUTO_INCREMENT,
  `MOVIE_NAME` varchar(250) NOT NULL,
  `DESCRIPTION` varchar(250) NOT NULL,
  `DURATION` int(11) NOT NULL,
  `PRICE` float NOT NULL,
  `STATUS` tinyint(4) NOT NULL,
  `CREATED_TIME` bigint(20) NOT NULL,
  `UPDATED_TIME` bigint(20) NOT NULL,
  PRIMARY KEY (`MOVIE_ID`)
) ENGINE=InnoDB AUTO_INCREMENT=4 DEFAULT CHARSET=latin1;
/*!40101 SET character_set_client = @saved_cs_client */;

--
-- Dumping data for table `movie_information`
--

LOCK TABLES `movie_information` WRITE;
/*!40000 ALTER TABLE `movie_information` DISABLE KEYS */;
INSERT INTO `movie_information` VALUES (1,'ABC Movie','Directed By: 123, Family and Comedy Drama',160,0,1,1234567890,1234567890),(2,'Action Movie','Directed By: ABC, Action Movie',150,0,1,1234567890,1234567890),(3,'Comedy Movie','Directed By: XYZ, Comedy entertiner',140,0,1,1234567890,1234567890);
/*!40000 ALTER TABLE `movie_information` ENABLE KEYS */;
UNLOCK TABLES;

--
-- Table structure for table `seat_hold_transaction`
--

DROP TABLE IF EXISTS `seat_hold_transaction`;
/*!40101 SET @saved_cs_client     = @@character_set_client */;
/*!40101 SET character_set_client = utf8 */;
CREATE TABLE `seat_hold_transaction` (
  `SEAT_HOLD_ID` int(11) NOT NULL AUTO_INCREMENT,
  `HASH` varchar(250) NOT NULL,
  `SHOWID` bigint(20) DEFAULT NULL,
  `ROW_ID` int(11) DEFAULT NULL,
  `SEAT_NO` int(11) DEFAULT NULL,
  `HOLDING_DURATION` int(11) NOT NULL,
  `CREATED_TIME` bigint(20) NOT NULL,
  `UPDATED_TIME` bigint(20) NOT NULL,
  PRIMARY KEY (`SEAT_HOLD_ID`)
) ENGINE=InnoDB AUTO_INCREMENT=144 DEFAULT CHARSET=latin1;
/*!40101 SET character_set_client = @saved_cs_client */;

--
-- Dumping data for table `seat_hold_transaction`
--

LOCK TABLES `seat_hold_transaction` WRITE;
/*!40000 ALTER TABLE `seat_hold_transaction` DISABLE KEYS */;
INSERT INTO `seat_hold_transaction` VALUES (75,'c3b26c99ddbc30868f771107f38220f7',1,1,4,2,1627325159935,1627325159935),(76,'c3b26c99ddbc30868f771107f38220f7',1,1,3,2,1627325159935,1627325159935),(77,'c3b26c99ddbc30868f771107f38220f7',1,1,2,2,1627325159935,1627325159935),(78,'c3b26c99ddbc30868f771107f38220f7',4,5,5,2,1627325176211,1627325176211),(79,'c3b26c99ddbc30868f771107f38220f7',4,5,4,2,1627325176211,1627325176211),(80,'c3b26c99ddbc30868f771107f38220f7',4,5,6,2,1627325176211,1627325176211),(81,'c3b26c99ddbc30868f771107f38220f7',4,7,3,2,1627325216335,1627325216335),(82,'c3b26c99ddbc30868f771107f38220f7',4,7,2,2,1627325216335,1627325216335),(83,'c3b26c99ddbc30868f771107f38220f7',4,7,5,2,1627325216335,1627325216335),(84,'c3b26c99ddbc30868f771107f38220f7',4,7,4,2,1627325216335,1627325216335),(85,'c3b26c99ddbc30868f771107f38220f7',4,7,7,2,1627325280760,1627325280760),(86,'c3b26c99ddbc30868f771107f38220f7',4,5,7,2,1627325280760,1627325280760),(87,'c3b26c99ddbc30868f771107f38220f7',4,6,7,2,1627325280760,1627325280760),(88,'c3b26c99ddbc30868f771107f38220f7',4,4,7,2,1627325280760,1627325280760),(89,'c3b26c99ddbc30868f771107f38220f7',1,2,6,2,1627325696295,1627325696295),(90,'c3b26c99ddbc30868f771107f38220f7',1,2,7,2,1627325696295,1627325696295),(91,'c3b26c99ddbc30868f771107f38220f7',1,1,7,2,1627325696295,1627325696295),(92,'c3b26c99ddbc30868f771107f38220f7',1,1,6,2,1627325696295,1627325696295),(93,'c3b26c99ddbc30868f771107f38220f7',4,3,4,2,1627325763992,1627325763992),(94,'c3b26c99ddbc30868f771107f38220f7',4,3,0,2,1627325763992,1627325763992),(95,'c3b26c99ddbc30868f771107f38220f7',4,3,5,2,1627325763992,1627325763992),(96,'c3b26c99ddbc30868f771107f38220f7',4,3,1,2,1627325763992,1627325763992),(97,'c3b26c99ddbc30868f771107f38220f7',4,3,2,2,1627325763992,1627325763992),(98,'c3b26c99ddbc30868f771107f38220f7',4,3,3,2,1627325763992,1627325763992),(99,'c3b26c99ddbc30868f771107f38220f7',4,10,7,2,1627325790168,1627325790168),(100,'c3b26c99ddbc30868f771107f38220f7',4,7,7,2,1627325790168,1627325790168),(101,'c3b26c99ddbc30868f771107f38220f7',4,8,7,2,1627325790168,1627325790168),(102,'c3b26c99ddbc30868f771107f38220f7',4,9,7,2,1627325790168,1627325790168),(103,'c3b26c99ddbc30868f771107f38220f7',1,6,0,2,1627325804894,1627325804894),(104,'c3b26c99ddbc30868f771107f38220f7',1,5,0,2,1627325804894,1627325804894),(105,'c3b26c99ddbc30868f771107f38220f7',1,4,0,2,1627325804894,1627325804894),(106,'c3b26c99ddbc30868f771107f38220f7',1,3,0,2,1627325804894,1627325804894),(107,'c3b26c99ddbc30868f771107f38220f7',1,2,0,2,1627325804894,1627325804894),(108,'c3b26c99ddbc30868f771107f38220f7',1,4,7,2,1627325950074,1627325950074),(109,'c3b26c99ddbc30868f771107f38220f7',1,4,5,2,1627325950074,1627325950074),(110,'c3b26c99ddbc30868f771107f38220f7',1,4,6,2,1627325950074,1627325950074),(111,'c3b26c99ddbc30868f771107f38220f7',1,6,6,2,1627325990834,1627325990834),(112,'c3b26c99ddbc30868f771107f38220f7',1,6,5,2,1627325990834,1627325990834),(113,'c3b26c99ddbc30868f771107f38220f7',1,8,5,2,1627326016820,1627326016820),(114,'c3b26c99ddbc30868f771107f38220f7',1,8,6,2,1627326016820,1627326016820),(115,'c3b26c99ddbc30868f771107f38220f7',1,1,4,2,1627326325257,1627326325257),(116,'c3b26c99ddbc30868f771107f38220f7',4,4,4,2,1627326438712,1627326438712),(117,'c3b26c99ddbc30868f771107f38220f7',4,4,3,2,1627326438712,1627326438712),(118,'c3b26c99ddbc30868f771107f38220f7',1,2,4,2,1627326517718,1627326517718),(119,'c3b26c99ddbc30868f771107f38220f7',1,5,3,2,1627326546491,1627326546491),(120,'c3b26c99ddbc30868f771107f38220f7',1,4,3,2,1627326546491,1627326546491),(121,'c3b26c99ddbc30868f771107f38220f7',1,5,6,2,1627326561718,1627326561718),(122,'c3b26c99ddbc30868f771107f38220f7',1,2,3,2,1627326756126,1627326756126),(123,'c3b26c99ddbc30868f771107f38220f7',1,5,3,2,1627326756126,1627326756126),(124,'c3b26c99ddbc30868f771107f38220f7',1,1,3,2,1627326756126,1627326756126),(125,'c3b26c99ddbc30868f771107f38220f7',1,4,3,2,1627326756126,1627326756126),(126,'c3b26c99ddbc30868f771107f38220f7',1,3,3,2,1627326756126,1627326756126),(127,'c3b26c99ddbc30868f771107f38220f7',4,1,5,2,1627326793171,1627326793171),(128,'c3b26c99ddbc30868f771107f38220f7',4,1,4,2,1627326793171,1627326793171),(129,'c3b26c99ddbc30868f771107f38220f7',4,1,3,2,1627326793171,1627326793171),(130,'c3b26c99ddbc30868f771107f38220f7',4,1,2,2,1627326793171,1627326793171),(131,'c3b26c99ddbc30868f771107f38220f7',4,1,1,2,1627326793171,1627326793171),(132,'c3b26c99ddbc30868f771107f38220f7',4,5,6,2,1627326835462,1627326835462),(133,'c3b26c99ddbc30868f771107f38220f7',4,5,7,2,1627326835462,1627326835462),(134,'c3b26c99ddbc30868f771107f38220f7',4,10,5,2,1627326835462,1627326835462),(135,'c3b26c99ddbc30868f771107f38220f7',4,5,8,2,1627326835462,1627326835462),(136,'c3b26c99ddbc30868f771107f38220f7',4,5,9,2,1627326835462,1627326835462),(137,'c3b26c99ddbc30868f771107f38220f7',4,9,5,2,1627326835462,1627326835462),(138,'c3b26c99ddbc30868f771107f38220f7',1,1,9,2,1627326874913,1627326874913),(139,'c3b26c99ddbc30868f771107f38220f7',1,1,8,2,1627326874913,1627326874913),(140,'c3b26c99ddbc30868f771107f38220f7',1,6,9,2,1627326874913,1627326874913),(141,'c3b26c99ddbc30868f771107f38220f7',1,6,8,2,1627326874913,1627326874913),(142,'c3b26c99ddbc30868f771107f38220f7',1,3,0,2,1627326874913,1627326874913),(143,'c3b26c99ddbc30868f771107f38220f7',1,3,1,2,1627326874913,1627326874913);
/*!40000 ALTER TABLE `seat_hold_transaction` ENABLE KEYS */;
UNLOCK TABLES;

--
-- Table structure for table `seat_transaction`
--

DROP TABLE IF EXISTS `seat_transaction`;
/*!40101 SET @saved_cs_client     = @@character_set_client */;
/*!40101 SET character_set_client = utf8 */;
CREATE TABLE `seat_transaction` (
  `SEAT_ID` bigint(20) NOT NULL AUTO_INCREMENT,
  `BOOK_TRNX` bigint(20) NOT NULL,
  `ROW_ID` int(11) DEFAULT NULL,
  `SEAT_NUMBER` int(11) DEFAULT NULL,
  PRIMARY KEY (`SEAT_ID`),
  KEY `seat_transaction_FK1` (`BOOK_TRNX`),
  CONSTRAINT `seat_transaction_FK1` FOREIGN KEY (`BOOK_TRNX`) REFERENCES `booking_transaction` (`BOOK_TRNX`)
) ENGINE=InnoDB AUTO_INCREMENT=123 DEFAULT CHARSET=latin1;
/*!40101 SET character_set_client = @saved_cs_client */;

--
-- Dumping data for table `seat_transaction`
--

LOCK TABLES `seat_transaction` WRITE;
/*!40000 ALTER TABLE `seat_transaction` DISABLE KEYS */;
INSERT INTO `seat_transaction` VALUES (101,41,2,3),(102,41,5,3),(103,41,1,3),(104,41,4,3),(105,41,3,3),(106,42,1,5),(107,42,1,4),(108,42,1,3),(109,42,1,2),(110,42,1,1),(111,43,5,6),(112,43,5,7),(113,43,10,5),(114,43,5,8),(115,43,5,9),(116,43,9,5),(117,44,1,9),(118,44,1,8),(119,44,6,9),(120,44,6,8),(121,44,3,0),(122,44,3,1);
/*!40000 ALTER TABLE `seat_transaction` ENABLE KEYS */;
UNLOCK TABLES;

--
-- Table structure for table `show_information`
--

DROP TABLE IF EXISTS `show_information`;
/*!40101 SET @saved_cs_client     = @@character_set_client */;
/*!40101 SET character_set_client = utf8 */;
CREATE TABLE `show_information` (
  `SHOW_ID` bigint(20) NOT NULL AUTO_INCREMENT,
  `MOVIE_ID` int(11) NOT NULL,
  `HALL_ID` int(11) NOT NULL,
  `SHOW_START_DATE` datetime NOT NULL,
  `SHOW_START_TIME` varchar(50) NOT NULL,
  `STATUS` tinyint(4) NOT NULL,
  `CREAT_TIME` bigint(20) NOT NULL,
  `UPDATE_TIME` bigint(20) NOT NULL,
  PRIMARY KEY (`SHOW_ID`),
  KEY `show_information_fk1` (`MOVIE_ID`),
  KEY `show_information_fk2` (`HALL_ID`),
  CONSTRAINT `show_information_fk1` FOREIGN KEY (`MOVIE_ID`) REFERENCES `movie_information` (`MOVIE_ID`),
  CONSTRAINT `show_information_fk2` FOREIGN KEY (`HALL_ID`) REFERENCES `hall_screen_information` (`hall_id`)
) ENGINE=InnoDB AUTO_INCREMENT=7 DEFAULT CHARSET=latin1;
/*!40101 SET character_set_client = @saved_cs_client */;

--
-- Dumping data for table `show_information`
--

LOCK TABLES `show_information` WRITE;
/*!40000 ALTER TABLE `show_information` DISABLE KEYS */;
INSERT INTO `show_information` VALUES (1,1,1,'2021-06-20 00:00:00','9:30',1,1234567890,1234567890),(4,1,2,'2021-06-20 00:00:00','4:30',1,1234567890,1234567890);
/*!40000 ALTER TABLE `show_information` ENABLE KEYS */;
UNLOCK TABLES;
/*!40103 SET TIME_ZONE=@OLD_TIME_ZONE */;

/*!40101 SET SQL_MODE=@OLD_SQL_MODE */;
/*!40014 SET FOREIGN_KEY_CHECKS=@OLD_FOREIGN_KEY_CHECKS */;
/*!40014 SET UNIQUE_CHECKS=@OLD_UNIQUE_CHECKS */;
/*!40101 SET CHARACTER_SET_CLIENT=@OLD_CHARACTER_SET_CLIENT */;
/*!40101 SET CHARACTER_SET_RESULTS=@OLD_CHARACTER_SET_RESULTS */;
/*!40101 SET COLLATION_CONNECTION=@OLD_COLLATION_CONNECTION */;
/*!40111 SET SQL_NOTES=@OLD_SQL_NOTES */;

-- Dump completed on 2021-07-27  0:47:15
